[{"model": "contenttypes.contenttype", "pk": 123, "fields": {"app_label": "admin", "model": "logentry"}}, {"model": "contenttypes.contenttype", "pk": 124, "fields": {"app_label": "auth", "model": "permission"}}, {"model": "contenttypes.contenttype", "pk": 125, "fields": {"app_label": "auth", "model": "group"}}, {"model": "contenttypes.contenttype", "pk": 126, "fields": {"app_label": "contenttypes", "model": "contenttype"}}, {"model": "contenttypes.contenttype", "pk": 127, "fields": {"app_label": "sessions", "model": "session"}}, {"model": "contenttypes.contenttype", "pk": 128, "fields": {"app_label": "api", "model": "campus"}}, {"model": "contenttypes.contenttype", "pk": 129, "fields": {"app_label": "api", "model": "course"}}, {"model": "contenttypes.contenttype", "pk": 130, "fields": {"app_label": "api", "model": "subject"}}, {"model": "contenttypes.contenttype", "pk": 131, "fields": {"app_label": "api", "model": "student"}}, {"model": "contenttypes.contenttype", "pk": 132, "fields": {"app_label": "api", "model": "tag"}}, {"model": "contenttypes.contenttype", "pk": 133, "fields": {"app_label": "api", "model": "post"}}, {"model": "api.campus", "pk": 17, "fields": {"name": "FGA"}}, {"model": "api.course", "pk": 49, "fields": {"name": "ENGENHARIA", "campus": 17}}, {"model": "api.course", "pk": 50, "fields": {"name": "SOFTWARE", "campus": 17}}, {"model": "api.course", "pk": 51, "fields": {"name": "ELETRONICA", "campus": 17}}, {"model": "api.course", "pk": 52, "fields": {"name": "AEROESPACIAL", "campus": 17}}, {"model": "api.course", "pk": 53, "fields": {"name": "ENERGIA", "campus": 17}}, {"model": "api.subject", "pk": 1269, "fields": {"name": "C\u00c1LCULO 1", "course": 49}}, {"model": "api.subject", "pk": 1270, "fields": {"name": "C\u00c1LCULO 2", "course": 49}}, {"model": "api.subject", "pk": 1271, "fields": {"name": "C\u00c1LCULO 3", "course": 49}}, {"model": "api.subject", "pk": 1272, "fields": {"name": "ENGENHARIA ECON\u00d4MICA", "course": 49}}, {"model": "api.subject", "pk": 1273, "fields": {"name": "DES IND ASSISTIDO COMPUTADOR", "course": 49}}, {"model": "api.subject", "pk": 1274, "fields": {"name": "ENG DE SEGURAN\u00c7A DO TRABALHO", "course": 49}}, {"model": "api.subject", "pk": 1275, "fields": {"name": "ENGENHARIA E AMBIENTE ", "course": 49}}, {"model": "api.subject", "pk": 1276, "fields": {"name": "FISICA 1 ", "course": 49}}, {"model": "api.subject", "pk": 1277, "fields": {"name": "FISICA 1 EXPERIMENTAL ", "course": 49}}, {"model": "api.subject", "pk": 1278, "fields": {"name": "F\u00cdSICA MODERNA", "course": 49}}, {"model": "api.subject", "pk": 1279, "fields": {"name": "COMBUST\u00cdVEIS E BIOCOMBUST\u00cdVEIS", "course": 49}}, {"model": "api.subject", "pk": 1280, "fields": {"name": "FUND DA TEORIA ELETROMAGN\u00c9TICA", "course": 49}}, {"model": "api.subject", "pk": 1281, "fields": {"name": "GEST\u00c3O DA PROD E QUALIDADE", "course": 49}}, {"model": "api.subject", "pk": 1282, "fields": {"name": "HUMANIDADES E CIDADANIA ", "course": 49}}, {"model": "api.subject", "pk": 1283, "fields": {"name": "INTRODUCAO A ALGEBRA LINEAR ", "course": 49}}, {"model": "api.subject", "pk": 1284, "fields": {"name": "INTRODU\u00c7\u00c3O \u00c0 ENGENHARIA", "course": 49}}, {"model": "api.subject", "pk": 1285, "fields": {"name": "MECANICA S\u00d3LID 1 P/ ENGENHARIA", "course": 49}}, {"model": "api.subject", "pk": 1286, "fields": {"name": "PROCESSOS PETROQU\u00cdMICOS", "course": 49}}, {"model": "api.subject", "pk": 1287, "fields": {"name": "M\u00c9TODOS NUM\u00c9R P/ ENGENHARIA", "course": 49}}, {"model": "api.subject", "pk": 1288, "fields": {"name": "PROBABIL EST APL  ENGENHARIA", "course": 49}}, {"model": "api.subject", "pk": 1289, "fields": {"name": "SISTEMAS AEROESPACIAIS", "course": 49}}, {"model": "api.subject", "pk": 1290, "fields": {"name": "SISTEMAS DIGITAIS 1", "course": 49}}, {"model": "api.subject", "pk": 1291, "fields": {"name": "TCC 1", "course": 49}}, {"model": "api.subject", "pk": 1292, "fields": {"name": "TCC 2", "course": 49}}, {"model": "api.subject", "pk": 1293, "fields": {"name": "QUIMICA GERAL   ", "course": 49}}, {"model": "api.subject", "pk": 1294, "fields": {"name": "ELETRICIDADE APLICADA ", "course": 49}}, {"model": "api.subject", "pk": 1295, "fields": {"name": "QUI GERAL EXPERIMENTAL", "course": 49}}, {"model": "api.subject", "pk": 1296, "fields": {"name": "QUIMICA GERAL TEORICA ", "course": 49}}, {"model": "api.subject", "pk": 1297, "fields": {"name": "FENOMENOS DE TRANSPORTE   ", "course": 49}}, {"model": "api.subject", "pk": 1298, "fields": {"name": "INTRODUCAO A CIEN COMPUTACAO  ", "course": 49}}, {"model": "api.subject", "pk": 1299, "fields": {"name": "COMPUTACAO BASICA   ", "course": 49}}, {"model": "api.subject", "pk": 1300, "fields": {"name": "ALGORITMOS PROGR COMPUTADORES ", "course": 49}}, {"model": "api.subject", "pk": 1301, "fields": {"name": "ONDUL F\u00cdS T\u00c9RM P/ ENGENHARIA  ", "course": 49}}, {"model": "api.subject", "pk": 1302, "fields": {"name": "MAT DE CONSTR DE ENGENHARIA   ", "course": 49}}, {"model": "api.subject", "pk": 1303, "fields": {"name": "TEORIA DE MATERIAIS CONSTRU\u00c7\u00c3O", "course": 49}}, {"model": "api.subject", "pk": 1304, "fields": {"name": "LABORAT\u00d3RIO DE MAT CONSTRU\u00c7\u00c3O ", "course": 49}}, {"model": "api.subject", "pk": 1305, "fields": {"name": "S\u00cdSMICA 1", "course": 49}}, {"model": "api.subject", "pk": 1306, "fields": {"name": "TEOR DE ELETRICIDADE APLICADA ", "course": 49}}, {"model": "api.subject", "pk": 1307, "fields": {"name": "LAB DE ELETRICIDADE APLICADA  ", "course": 49}}, {"model": "api.subject", "pk": 1308, "fields": {"name": "M\u00c9T EXPERIMEN P/ ENGENHARIA   ", "course": 49}}, {"model": "api.subject", "pk": 1309, "fields": {"name": "L\u00cdNGUA SINAIS BRAS - B\u00c1SICO   ", "course": 49}}, {"model": "api.subject", "pk": 1310, "fields": {"name": "PROJETO SISTEMAS DE CONTROLE  ", "course": 49}}, {"model": "api.subject", "pk": 1311, "fields": {"name": "EST\u00c1GIO SUPERVISIONADO", "course": 49}}, {"model": "api.subject", "pk": 1312, "fields": {"name": "FUND VAR COMPL P/ ENGENHARIA  ", "course": 49}}, {"model": "api.subject", "pk": 1313, "fields": {"name": "PROJ INTEGRADOR ENGENHARIA 1  ", "course": 49}}, {"model": "api.subject", "pk": 1314, "fields": {"name": "PROJ INTEGRADOR ENGENHARIA 2  ", "course": 49}}, {"model": "api.subject", "pk": 1315, "fields": {"name": "ARQUITET E DESENHO DE SOFTWARE", "course": 50}}, {"model": "api.subject", "pk": 1316, "fields": {"name": "C\u00c1LCULO 1", "course": 50}}, {"model": "api.subject", "pk": 1317, "fields": {"name": "C\u00c1LCULO 2", "course": 50}}, {"model": "api.subject", "pk": 1318, "fields": {"name": "COMPILADORES 1  ", "course": 50}}, {"model": "api.subject", "pk": 1319, "fields": {"name": "DES IND ASSISTIDO COMPUTADOR  ", "course": 50}}, {"model": "api.subject", "pk": 1320, "fields": {"name": "ENG DE PRODUTO DE SOFTWARE", "course": 50}}, {"model": "api.subject", "pk": 1321, "fields": {"name": "ENGENHARIA E AMBIENTE ", "course": 50}}, {"model": "api.subject", "pk": 1322, "fields": {"name": "ESTRUT DE DADOS 1   ", "course": 50}}, {"model": "api.subject", "pk": 1323, "fields": {"name": "ESTRUTURAS DE DADOS 2 ", "course": 50}}, {"model": "api.subject", "pk": 1324, "fields": {"name": "FISICA 1 ", "course": 50}}, {"model": "api.subject", "pk": 1325, "fields": {"name": "FISICA 1 EXPERIMENTAL ", "course": 50}}, {"model": "api.subject", "pk": 1326, "fields": {"name": "FUND ARQ DE COMPUTADORES  ", "course": 50}}, {"model": "api.subject", "pk": 1327, "fields": {"name": "FUNDAMENT DE SISTEM EMBARCADOS", "course": 50}}, {"model": "api.subject", "pk": 1328, "fields": {"name": "FUNDAMENTOS REDES COMPUTADORES", "course": 50}}, {"model": "api.subject", "pk": 1329, "fields": {"name": "FUNDAMENTOS SIST OPERACIONAIS ", "course": 50}}, {"model": "api.subject", "pk": 1330, "fields": {"name": "GER\u00caN CONFIG EVOL SOFTWARE", "course": 50}}, {"model": "api.subject", "pk": 1331, "fields": {"name": "GEST\u00c3O DA PROD E QUALIDADE", "course": 50}}, {"model": "api.subject", "pk": 1332, "fields": {"name": "HUMANIDADES E CIDADANIA   ", "course": 50}}, {"model": "api.subject", "pk": 1333, "fields": {"name": "INTERA\u00c7\u00c3O HUMANO COMPUTADOR   ", "course": 50}}, {"model": "api.subject", "pk": 1334, "fields": {"name": "INTRODUCAO A ALGEBRA LINEAR   ", "course": 50}}, {"model": "api.subject", "pk": 1335, "fields": {"name": "INTRODU\u00c7\u00c3O \u00c0 ENGENHARIA   ", "course": 50}}, {"model": "api.subject", "pk": 1336, "fields": {"name": "MATEM\u00c1TICA DISCRETA 2 ", "course": 50}}, {"model": "api.subject", "pk": 1337, "fields": {"name": "MEDI\u00c7\u00c3O E AN\u00c1LISE   ", "course": 50}}, {"model": "api.subject", "pk": 1338, "fields": {"name": "MET DE DESENV DE SOFTWARE ", "course": 50}}, {"model": "api.subject", "pk": 1339, "fields": {"name": "M\u00c9TODOS NUM\u00c9R P/ ENGENHARIA   ", "course": 50}}, {"model": "api.subject", "pk": 1340, "fields": {"name": "ORIENTA\u00c7\u00c3O A OBJETOS", "course": 50}}, {"model": "api.subject", "pk": 1341, "fields": {"name": "PARADIGMAS DE PROGRAMA\u00c7\u00c3O ", "course": 50}}, {"model": "api.subject", "pk": 1342, "fields": {"name": "PROBABIL EST APL  ENGENHARIA  ", "course": 50}}, {"model": "api.subject", "pk": 1343, "fields": {"name": "PROGRAM P/ SIST PARAL E DISTR ", "course": 50}}, {"model": "api.subject", "pk": 1344, "fields": {"name": "PROJETO AN\u00c1LISE DE ALGORITMOS ", "course": 50}}, {"model": "api.subject", "pk": 1345, "fields": {"name": "QUALIDADE DE SOFTWARE 1   ", "course": 50}}, {"model": "api.subject", "pk": 1346, "fields": {"name": "REQUISITOS DE SOFTWARE", "course": 50}}, {"model": "api.subject", "pk": 1347, "fields": {"name": "SISTEMAS DE BANCO DE DADOS 1  ", "course": 50}}, {"model": "api.subject", "pk": 1348, "fields": {"name": "SISTEMAS DE BANCO DE DADOS 2  ", "course": 50}}, {"model": "api.subject", "pk": 1349, "fields": {"name": "TCC 1", "course": 50}}, {"model": "api.subject", "pk": 1350, "fields": {"name": "TCC 2", "course": 50}}, {"model": "api.subject", "pk": 1351, "fields": {"name": "T\u00c9C DE PROG EM PLAT EMERG ", "course": 50}}, {"model": "api.subject", "pk": 1352, "fields": {"name": "TESTES DE SOFTWARE  ", "course": 50}}, {"model": "api.subject", "pk": 1353, "fields": {"name": "SISTEMAS DIGITAIS 1 ", "course": 50}}, {"model": "api.subject", "pk": 1354, "fields": {"name": "PR\u00c1TICA D ELETR\u00d4NICA DIGITAL 1", "course": 50}}, {"model": "api.subject", "pk": 1355, "fields": {"name": "TEORIA DE ELETR\u00d4NICA DIGITAL 1", "course": 50}}, {"model": "api.subject", "pk": 1356, "fields": {"name": "MATEM\u00c1TICA DISCRETA 1 ", "course": 50}}, {"model": "api.subject", "pk": 1357, "fields": {"name": "ESTRUTURAS MAT P/ COMPUTA\u00c7\u00c3O  ", "course": 50}}, {"model": "api.subject", "pk": 1358, "fields": {"name": "COMPUTACAO BASICA   ", "course": 50}}, {"model": "api.subject", "pk": 1359, "fields": {"name": "ALGORITMOS PROGR COMPUTADORES ", "course": 50}}, {"model": "api.subject", "pk": 1360, "fields": {"name": "APRENDIZADO DE M\u00c1QUINA", "course": 50}}, {"model": "api.subject", "pk": 1361, "fields": {"name": "C\u00c1LCULO 3", "course": 50}}, {"model": "api.subject", "pk": 1362, "fields": {"name": "COMPILADORES 2  ", "course": 50}}, {"model": "api.subject", "pk": 1363, "fields": {"name": "COMPUTA\u00c7\u00c3O EM NUVEM ", "course": 50}}, {"model": "api.subject", "pk": 1364, "fields": {"name": "CONFIABILIDADE DE COM SISTEMAS", "course": 50}}, {"model": "api.subject", "pk": 1365, "fields": {"name": "CONTRATA\u00c7\u00c3O S DE T INFORMA\u00c7\u00c3O ", "course": 50}}, {"model": "api.subject", "pk": 1366, "fields": {"name": "CRIPTOGRAFIA E SEG DE REDES   ", "course": 50}}, {"model": "api.subject", "pk": 1367, "fields": {"name": "DESENVOLVIMENTO DE SOFTWARE   ", "course": 50}}, {"model": "api.subject", "pk": 1368, "fields": {"name": "DESENVOLVIMENTO SUSTENT\u00c1VEL   ", "course": 50}}, {"model": "api.subject", "pk": 1369, "fields": {"name": "ELEMENTOS E M\u00c9T EM ELETR\u00d4NICA ", "course": 50}}, {"model": "api.subject", "pk": 1370, "fields": {"name": "ENG DE SEGURAN\u00c7A DO TRABALHO  ", "course": 50}}, {"model": "api.subject", "pk": 1371, "fields": {"name": "ENG SOFTWARE EXPERIMENTAL ", "course": 50}}, {"model": "api.subject", "pk": 1372, "fields": {"name": "EQUACOES DIFERENCIAIS 1   ", "course": 50}}, {"model": "api.subject", "pk": 1373, "fields": {"name": "ERGONOMIA DO PRODUTO", "course": 50}}, {"model": "api.subject", "pk": 1374, "fields": {"name": "F\u00cdSICA MODERNA  ", "course": 50}}, {"model": "api.subject", "pk": 1375, "fields": {"name": "F\u00cdSICA P/ JOGOS ELETR\u00d4NICOS 1 ", "course": 50}}, {"model": "api.subject", "pk": 1376, "fields": {"name": "F\u00cdSICA P/ JOGOS ELETR\u00d4NICOS 2 ", "course": 50}}, {"model": "api.subject", "pk": 1377, "fields": {"name": "FUND DA TEORIA ELETROMAGN\u00c9TICA", "course": 50}}, {"model": "api.subject", "pk": 1378, "fields": {"name": "FUNDAMENTOS DE ARQ DE SOFTWARE", "course": 50}}, {"model": "api.subject", "pk": 1379, "fields": {"name": "FUNDAMENTOS E DIFER ENGENHARIA", "course": 50}}, {"model": "api.subject", "pk": 1380, "fields": {"name": "GER\u00caNCIA DE CONFIG DE SOFTWARE", "course": 50}}, {"model": "api.subject", "pk": 1381, "fields": {"name": "GEST\u00c3O AMBIENTAL NO SETOR ENER", "course": 50}}, {"model": "api.subject", "pk": 1382, "fields": {"name": "GEST\u00c3O DA PRODU\u00c7\u00c3O AUTOMOTIVA ", "course": 50}}, {"model": "api.subject", "pk": 1383, "fields": {"name": "INF COMUN E A SOC DO CONHEC   ", "course": 50}}, {"model": "api.subject", "pk": 1384, "fields": {"name": "INOVA\u00c7\u00c3O ", "course": 50}}, {"model": "api.subject", "pk": 1385, "fields": {"name": "INTELIG\u00caNCIA ARTFICIAL", "course": 50}}, {"model": "api.subject", "pk": 1386, "fields": {"name": "INTR A ATIVIDADE EMPRESARIAL  ", "course": 50}}, {"model": "api.subject", "pk": 1387, "fields": {"name": "INTRO A COMPUTA\u00c7\u00c3O GR\u00c1FICA", "course": 50}}, {"model": "api.subject", "pk": 1388, "fields": {"name": "INTRO AOS JOGOS ELETR\u00d4NICOS   ", "course": 50}}, {"model": "api.subject", "pk": 1389, "fields": {"name": "INTROD AO DESENV DE JOGOS ", "course": 50}}, {"model": "api.subject", "pk": 1390, "fields": {"name": "INTRODU\u00c7\u00c3O \u00c0 WEB SEM\u00c2NTICA", "course": 50}}, {"model": "api.subject", "pk": 1391, "fields": {"name": "LABORAT\u00d3RIO DE MAT CONSTRU\u00c7\u00c3O ", "course": 50}}, {"model": "api.subject", "pk": 1392, "fields": {"name": "MAT DE CONSTR DE ENGENHARIA   ", "course": 50}}, {"model": "api.subject", "pk": 1393, "fields": {"name": "MECANICA S\u00d3LID 1 P/ ENGENHARIA", "course": 50}}, {"model": "api.subject", "pk": 1394, "fields": {"name": "MELHORIA DE PROC DE SOFTWARE  ", "course": 50}}, {"model": "api.subject", "pk": 1395, "fields": {"name": "MET TEC DA ESCRITA CIENT\u00cdFICA ", "course": 50}}, {"model": "api.subject", "pk": 1396, "fields": {"name": "M\u00c9TODOS FORMAIS ", "course": 50}}, {"model": "api.subject", "pk": 1397, "fields": {"name": "M\u00c9TODOS MATEM\u00c1TICOS ENGENHARIA", "course": 50}}, {"model": "api.subject", "pk": 1398, "fields": {"name": "MODELAGEM DE PROCESSOS", "course": 50}}, {"model": "api.subject", "pk": 1399, "fields": {"name": "PR\u00c1TICA D ELETR\u00d4NICA DIGITAL 2", "course": 50}}, {"model": "api.subject", "pk": 1400, "fields": {"name": "PR\u00c9-C\u00c1LCULO PARA ENGENHARIA   ", "course": 50}}, {"model": "api.subject", "pk": 1401, "fields": {"name": "PRINC\u00cdP ROB\u00d3TICA EDUCACIONAL  ", "course": 50}}, {"model": "api.subject", "pk": 1402, "fields": {"name": "PRINCIPIOS COMPUTACAO GRAFICA ", "course": 50}}, {"model": "api.subject", "pk": 1403, "fields": {"name": "PROCESSO DE DESENV DE SOFTWARE", "course": 50}}, {"model": "api.subject", "pk": 1404, "fields": {"name": "PROD PROFIS ENG SOFTWARE  ", "course": 50}}, {"model": "api.subject", "pk": 1405, "fields": {"name": "PROGRAMA\u00c7\u00c3O PARA COMPETI\u00c7\u00d5ES  ", "course": 50}}, {"model": "api.subject", "pk": 1406, "fields": {"name": "PROGRAMA\u00c7\u00c3O WEB ", "course": 50}}, {"model": "api.subject", "pk": 1407, "fields": {"name": "PROJETO CIRC INTEGR DIGITAIS  ", "course": 50}}, {"model": "api.subject", "pk": 1408, "fields": {"name": "QUALIDADE DE SOFTWARE 2   ", "course": 50}}, {"model": "api.subject", "pk": 1409, "fields": {"name": "SEMIN\u00c1RIOS EM ENG DE SOFTWARE ", "course": 50}}, {"model": "api.subject", "pk": 1410, "fields": {"name": "SIST CRIT TOLER\u00c2NCIA A FALHAS ", "course": 50}}, {"model": "api.subject", "pk": 1411, "fields": {"name": "SISTEMAS AEROESPACIAIS", "course": 50}}, {"model": "api.subject", "pk": 1412, "fields": {"name": "SISTEMAS AUTOMOTIVOS", "course": 50}}, {"model": "api.subject", "pk": 1413, "fields": {"name": "SISTEMAS DE PROPULS\u00c3O H\u00cdBRIDOS", "course": 50}}, {"model": "api.subject", "pk": 1414, "fields": {"name": "SISTEMAS DIGITAIS 2 ", "course": 50}}, {"model": "api.subject", "pk": 1415, "fields": {"name": "SISTEMAS EMBARCADOS ", "course": 50}}, {"model": "api.subject", "pk": 1416, "fields": {"name": "T\u00c9CNICAS DE M F E E SOFTWARE  ", "course": 50}}, {"model": "api.subject", "pk": 1417, "fields": {"name": "T\u00c9CNICAS DE PROGRAMA\u00c7\u00c3O   ", "course": 50}}, {"model": "api.subject", "pk": 1418, "fields": {"name": "TEORIA DE ELETR\u00d4NICA DIGITAL 2", "course": 50}}, {"model": "api.subject", "pk": 1419, "fields": {"name": "TEORIA DE MATERIAIS CONSTRU\u00c7\u00c3O", "course": 50}}, {"model": "api.subject", "pk": 1420, "fields": {"name": "TEORIA DOS N\u00daMEROS 1", "course": 50}}, {"model": "api.subject", "pk": 1421, "fields": {"name": "TOP ESP DE ENG DE SOFTWARE", "course": 50}}, {"model": "api.subject", "pk": 1422, "fields": {"name": "TOP ESP EM FIS APLICADA   ", "course": 50}}, {"model": "api.subject", "pk": 1423, "fields": {"name": "T\u00d3P ESP EM GOVERN DE TI   ", "course": 50}}, {"model": "api.subject", "pk": 1424, "fields": {"name": "TOP ESP EM JOGOS DIGITAIS ", "course": 50}}, {"model": "api.subject", "pk": 1425, "fields": {"name": "TOP ESP EM MATEM\u00c1TICA APLICADA", "course": 50}}, {"model": "api.subject", "pk": 1426, "fields": {"name": "TOP ESP EM SISTEMAS CR\u00cdTICOS  ", "course": 50}}, {"model": "api.subject", "pk": 1427, "fields": {"name": "T\u00d3P ESPECIAIS EM PROGRAMA\u00c7\u00c3O  ", "course": 50}}, {"model": "api.subject", "pk": 1428, "fields": {"name": "C\u00c1LCULO 1", "course": 51}}, {"model": "api.subject", "pk": 1429, "fields": {"name": "C\u00c1LCULO 2", "course": 51}}, {"model": "api.subject", "pk": 1430, "fields": {"name": "C\u00c1LCULO 3", "course": 51}}, {"model": "api.subject", "pk": 1431, "fields": {"name": "CIRCUITOS ELETR\u00d4NICOS 3   ", "course": 51}}, {"model": "api.subject", "pk": 1432, "fields": {"name": "DES IND ASSISTIDO COMPUTADOR  ", "course": 51}}, {"model": "api.subject", "pk": 1433, "fields": {"name": "ENG DE SEGURAN\u00c7A DO TRABALHO  ", "course": 51}}, {"model": "api.subject", "pk": 1434, "fields": {"name": "ENGENHARIA E AMBIENTE ", "course": 51}}, {"model": "api.subject", "pk": 1435, "fields": {"name": "FISICA 1 ", "course": 51}}, {"model": "api.subject", "pk": 1436, "fields": {"name": "FISICA 1 EXPERIMENTAL ", "course": 51}}, {"model": "api.subject", "pk": 1437, "fields": {"name": "F\u00cdSICA MODERNA  ", "course": 51}}, {"model": "api.subject", "pk": 1438, "fields": {"name": "FUND DA TEORIA ELETROMAGN\u00c9TICA", "course": 51}}, {"model": "api.subject", "pk": 1439, "fields": {"name": "GEST\u00c3O DA PROD E QUALIDADE", "course": 51}}, {"model": "api.subject", "pk": 1440, "fields": {"name": "HUMANIDADES E CIDADANIA   ", "course": 51}}, {"model": "api.subject", "pk": 1441, "fields": {"name": "INSTRUMENTA\u00c7\u00c3O ELETR\u00d4NICA ", "course": 51}}, {"model": "api.subject", "pk": 1442, "fields": {"name": "INTRODUCAO A ALGEBRA LINEAR   ", "course": 51}}, {"model": "api.subject", "pk": 1443, "fields": {"name": "INTRODU\u00c7\u00c3O \u00c0 ENGENHARIA   ", "course": 51}}, {"model": "api.subject", "pk": 1444, "fields": {"name": "MATERIAIS EL\u00c9TR MAG ENGENHARIA", "course": 51}}, {"model": "api.subject", "pk": 1445, "fields": {"name": "MECANICA S\u00d3LID 1 P/ ENGENHARIA", "course": 51}}, {"model": "api.subject", "pk": 1446, "fields": {"name": "M\u00c9TODOS NUM\u00c9R P/ ENGENHARIA   ", "course": 51}}, {"model": "api.subject", "pk": 1447, "fields": {"name": "MICROPROCESSADORES E MICROCONT", "course": 51}}, {"model": "api.subject", "pk": 1448, "fields": {"name": "PRINCIPIOS DE COMUNICA\u00c7\u00c3O ", "course": 51}}, {"model": "api.subject", "pk": 1449, "fields": {"name": "PROBABIL EST APL  ENGENHARIA  ", "course": 51}}, {"model": "api.subject", "pk": 1450, "fields": {"name": "SISTEMAS DE CONTROLE", "course": 51}}, {"model": "api.subject", "pk": 1451, "fields": {"name": "SISTEMAS EMBARCADOS ", "course": 51}}, {"model": "api.subject", "pk": 1452, "fields": {"name": "TCC 1", "course": 51}}, {"model": "api.subject", "pk": 1453, "fields": {"name": "TCC 2", "course": 51}}, {"model": "api.subject", "pk": 1454, "fields": {"name": "QUIMICA GERAL   ", "course": 51}}, {"model": "api.subject", "pk": 1455, "fields": {"name": "QUIMICA GERAL TEORICA ", "course": 51}}, {"model": "api.subject", "pk": 1456, "fields": {"name": "QUI GERAL EXPERIMENTAL", "course": 51}}, {"model": "api.subject", "pk": 1457, "fields": {"name": "INTRODUCAO A CIEN COMPUTACAO  ", "course": 51}}, {"model": "api.subject", "pk": 1458, "fields": {"name": "COMPUTACAO BASICA   ", "course": 51}}, {"model": "api.subject", "pk": 1459, "fields": {"name": "ALGORITMOS PROGR COMPUTADORES ", "course": 51}}, {"model": "api.subject", "pk": 1460, "fields": {"name": "CIRCUITOS ELETR\u00d4NICOS 1   ", "course": 51}}, {"model": "api.subject", "pk": 1461, "fields": {"name": "PR\u00c1TICA DE CIRC ELETR\u00d4NICOS 1 ", "course": 51}}, {"model": "api.subject", "pk": 1462, "fields": {"name": "TEORIA DE CIRC ELETR\u00d4NICOS 1  ", "course": 51}}, {"model": "api.subject", "pk": 1463, "fields": {"name": "CIRCUITOS ELETR\u00d4NICOS 2   ", "course": 51}}, {"model": "api.subject", "pk": 1464, "fields": {"name": "PR\u00c1TICA DE CIRC ELETR\u00d4NICOS 2 ", "course": 51}}, {"model": "api.subject", "pk": 1465, "fields": {"name": "TEORIA DE CIRC ELETR\u00d4NICOS 2  ", "course": 51}}, {"model": "api.subject", "pk": 1466, "fields": {"name": "SISTEMAS DIGITAIS 1 ", "course": 51}}, {"model": "api.subject", "pk": 1467, "fields": {"name": "PR\u00c1TICA D ELETR\u00d4NICA DIGITAL 1", "course": 51}}, {"model": "api.subject", "pk": 1468, "fields": {"name": "TEORIA DE ELETR\u00d4NICA DIGITAL 1", "course": 51}}, {"model": "api.subject", "pk": 1469, "fields": {"name": "SISTEMAS DIGITAIS 2 ", "course": 51}}, {"model": "api.subject", "pk": 1470, "fields": {"name": "PR\u00c1TICA D ELETR\u00d4NICA DIGITAL 2", "course": 51}}, {"model": "api.subject", "pk": 1471, "fields": {"name": "TEORIA DE ELETR\u00d4NICA DIGITAL 2", "course": 51}}, {"model": "api.subject", "pk": 1472, "fields": {"name": "MAT DE CONSTR DE ENGENHARIA   ", "course": 51}}, {"model": "api.subject", "pk": 1473, "fields": {"name": "TEORIA DE MATERIAIS CONSTRU\u00c7\u00c3O", "course": 51}}, {"model": "api.subject", "pk": 1474, "fields": {"name": "LABORAT\u00d3RIO DE MAT CONSTRU\u00c7\u00c3O ", "course": 51}}, {"model": "api.subject", "pk": 1475, "fields": {"name": "ELETRICIDADE APLICADA ", "course": 51}}, {"model": "api.subject", "pk": 1476, "fields": {"name": "TEOR DE ELETRICIDADE APLICADA ", "course": 51}}, {"model": "api.subject", "pk": 1477, "fields": {"name": "LAB DE ELETRICIDADE APLICADA  ", "course": 51}}, {"model": "api.subject", "pk": 1478, "fields": {"name": "M\u00c9TODOS MATEM\u00c1TICOS ENGENHARIA", "course": 51}}, {"model": "api.subject", "pk": 1479, "fields": {"name": "SINAIS E S\u00cdST PARA ENGENHAIA  ", "course": 51}}, {"model": "api.subject", "pk": 1480, "fields": {"name": "AERODIN\u00c2M SIST AEROESPACIAIS  ", "course": 51}}, {"model": "api.subject", "pk": 1481, "fields": {"name": "ANATOMIA E FISIOLOGIA HUMANA  ", "course": 51}}, {"model": "api.subject", "pk": 1482, "fields": {"name": "ANTENAS IMPRESSAS   ", "course": 51}}, {"model": "api.subject", "pk": 1483, "fields": {"name": "CODIF E COMR SIN, IMAG E V\u00cdDEO", "course": 51}}, {"model": "api.subject", "pk": 1484, "fields": {"name": "COM DIGI PARA ENGENHARIA  ", "course": 51}}, {"model": "api.subject", "pk": 1485, "fields": {"name": "COMPILADORES 1  ", "course": 51}}, {"model": "api.subject", "pk": 1486, "fields": {"name": "CONFIABILIDADE DE COM SISTEMAS", "course": 51}}, {"model": "api.subject", "pk": 1487, "fields": {"name": "CONVERS\u00c3O ELETROMEC ENERGIA   ", "course": 51}}, {"model": "api.subject", "pk": 1488, "fields": {"name": "DIN\u00c2MICA DOS FLU\u00cdDOS", "course": 51}}, {"model": "api.subject", "pk": 1489, "fields": {"name": "ELEMENTOS E M\u00c9T EM ELETR\u00d4NICA ", "course": 51}}, {"model": "api.subject", "pk": 1490, "fields": {"name": "ELETR\u00d4NICA DE ALTA FREQU\u00caNCIA ", "course": 51}}, {"model": "api.subject", "pk": 1491, "fields": {"name": "ELETR\u00d4NICA DE PONT\u00caNCIA   ", "course": 51}}, {"model": "api.subject", "pk": 1492, "fields": {"name": "ELETR\u00d4NICA DE R\u00c1DIO FREQU\u00caNCIA", "course": 51}}, {"model": "api.subject", "pk": 1493, "fields": {"name": "ELETR\u00d4NICA EMBARCADA", "course": 51}}, {"model": "api.subject", "pk": 1494, "fields": {"name": "ELETR\u00d4NICA VEICULAR ", "course": 51}}, {"model": "api.subject", "pk": 1495, "fields": {"name": "ENGENHARIA DE PRODUTO ", "course": 51}}, {"model": "api.subject", "pk": 1496, "fields": {"name": "ERGONOMIA DO PRODUTO", "course": 51}}, {"model": "api.subject", "pk": 1497, "fields": {"name": "ESTRUT DE DADOS 1   ", "course": 51}}, {"model": "api.subject", "pk": 1498, "fields": {"name": "FUNDAMENTOS E DIFER ENGENHARIA", "course": 51}}, {"model": "api.subject", "pk": 1499, "fields": {"name": "FUNDAMENTOS SIST OPERACIONAIS ", "course": 51}}, {"model": "api.subject", "pk": 1500, "fields": {"name": "GEST\u00c3O DA PRODU\u00c7\u00c3O AUTOMOTIVA ", "course": 51}}, {"model": "api.subject", "pk": 1501, "fields": {"name": "GEST\u00c3O PROJ EM ENG BIOM\u00c9DICA  ", "course": 51}}, {"model": "api.subject", "pk": 1502, "fields": {"name": "INFORM\u00c1TICA EM SA\u00daDE", "course": 51}}, {"model": "api.subject", "pk": 1503, "fields": {"name": "INOVA\u00c7\u00c3O ", "course": 51}}, {"model": "api.subject", "pk": 1504, "fields": {"name": "INSTRUMENTA\u00c7\u00c3O BIOM\u00c9DICA 1", "course": 51}}, {"model": "api.subject", "pk": 1505, "fields": {"name": "INSTRUMENTA\u00c7\u00c3O BIOM\u00c9DICA 2", "course": 51}}, {"model": "api.subject", "pk": 1506, "fields": {"name": "INTEGR DE SINAIS DESIG CIRCUIT", "course": 51}}, {"model": "api.subject", "pk": 1507, "fields": {"name": "INTEGRA\u00c7\u00c3O E TESTES ", "course": 51}}, {"model": "api.subject", "pk": 1508, "fields": {"name": "INTELIG\u00caNCIA ARTFICIAL", "course": 51}}, {"model": "api.subject", "pk": 1509, "fields": {"name": "INTERA\u00c7\u00c3O HUMANO COMPUTADOR   ", "course": 51}}, {"model": "api.subject", "pk": 1510, "fields": {"name": "INTR A ATIVIDADE EMPRESARIAL  ", "course": 51}}, {"model": "api.subject", "pk": 1511, "fields": {"name": "MET DE DESENV DE SOFTWARE ", "course": 51}}, {"model": "api.subject", "pk": 1512, "fields": {"name": "MET TEC DA ESCRITA CIENT\u00cdFICA ", "course": 51}}, {"model": "api.subject", "pk": 1513, "fields": {"name": "MODELAGEM SISTEMAS BIOL\u00d3GICOS ", "course": 51}}, {"model": "api.subject", "pk": 1514, "fields": {"name": "PR\u00c1T  CIRCUITOS ELETR\u00d4NICOS 3 ", "course": 51}}, {"model": "api.subject", "pk": 1515, "fields": {"name": "PRAT F\u00cdS DISPOST ELETR\u00d4NICOS  ", "course": 51}}, {"model": "api.subject", "pk": 1516, "fields": {"name": "PR\u00c9-C\u00c1LCULO PARA ENGENHARIA   ", "course": 51}}, {"model": "api.subject", "pk": 1517, "fields": {"name": "PRINC\u00cdPIOS  COM P/ ENGENHARIA ", "course": 51}}, {"model": "api.subject", "pk": 1518, "fields": {"name": "PRINC\u00cdPIOS DE CONTROLE", "course": 51}}, {"model": "api.subject", "pk": 1519, "fields": {"name": "PROCESSAMENTO DE SINAIS   ", "course": 51}}, {"model": "api.subject", "pk": 1520, "fields": {"name": "PROCESSAMENTO DIGITAL IMAGENS ", "course": 51}}, {"model": "api.subject", "pk": 1521, "fields": {"name": "PROCESSAMENTO SINAI BIOL\u00d3GICOS", "course": 51}}, {"model": "api.subject", "pk": 1522, "fields": {"name": "PROCESSO DE DESENV DE SOFTWARE", "course": 51}}, {"model": "api.subject", "pk": 1523, "fields": {"name": "PROJ CIRCUITOS RECONFIGURAVEIS", "course": 51}}, {"model": "api.subject", "pk": 1524, "fields": {"name": "PROJ DE CIRC ELETR INTEGRA 1  ", "course": 51}}, {"model": "api.subject", "pk": 1525, "fields": {"name": "PROJ DE CIRC ELETR INTEGRA 2  ", "course": 51}}, {"model": "api.subject", "pk": 1526, "fields": {"name": "PROJETO CIRC INTEGR DIGITAIS  ", "course": 51}}, {"model": "api.subject", "pk": 1527, "fields": {"name": "PROJETO DE SENSORES ", "course": 51}}, {"model": "api.subject", "pk": 1528, "fields": {"name": "PROJETOS CIRCUITO INTEGRADOS 1", "course": 51}}, {"model": "api.subject", "pk": 1529, "fields": {"name": "PROJETOS CIRCUITO INTEGRADOS 2", "course": 51}}, {"model": "api.subject", "pk": 1530, "fields": {"name": "REQUISITOS DE SOFTWARE", "course": 51}}, {"model": "api.subject", "pk": 1531, "fields": {"name": "SENSORES E TRANSDUTORES   ", "course": 51}}, {"model": "api.subject", "pk": 1532, "fields": {"name": "SISTEMAS AEROESPACIAIS", "course": 51}}, {"model": "api.subject", "pk": 1533, "fields": {"name": "SISTEMAS AUTOMOTIVOS", "course": 51}}, {"model": "api.subject", "pk": 1534, "fields": {"name": "SISTEMAS ENERGIA SOLAR E\u00d3LICA ", "course": 51}}, {"model": "api.subject", "pk": 1535, "fields": {"name": "SISTEMAS OPERAC EMBARCADOS", "course": 51}}, {"model": "api.subject", "pk": 1536, "fields": {"name": "T\u00c9CNICAS DE PROGRAMA\u00c7\u00c3O   ", "course": 51}}, {"model": "api.subject", "pk": 1537, "fields": {"name": "TEO  CIRCUITOS ELETR\u00d4NICOS 3  ", "course": 51}}, {"model": "api.subject", "pk": 1538, "fields": {"name": "TEO F\u00cdS DISPOST ELETR\u00d4NICOS   ", "course": 51}}, {"model": "api.subject", "pk": 1539, "fields": {"name": "TERMODINAMICA 1 ", "course": 51}}, {"model": "api.subject", "pk": 1540, "fields": {"name": "TESTES DE SOFTWARE  ", "course": 51}}, {"model": "api.subject", "pk": 1541, "fields": {"name": "TOP ESP 1 ENGENHARIA ENERGIA  ", "course": 51}}, {"model": "api.subject", "pk": 1542, "fields": {"name": "TOP ESP DE ENG DE SOFTWARE", "course": 51}}, {"model": "api.subject", "pk": 1543, "fields": {"name": "TOP ESP EM FIS APLICADA   ", "course": 51}}, {"model": "api.subject", "pk": 1544, "fields": {"name": "TOP ESP EM JOGOS DIGITAIS ", "course": 51}}, {"model": "api.subject", "pk": 1545, "fields": {"name": "TOP ESP EM MATEM\u00c1TICA APLICADA", "course": 51}}, {"model": "api.subject", "pk": 1546, "fields": {"name": "TOP ESP EM SISTEMAS CR\u00cdTICOS  ", "course": 51}}, {"model": "api.subject", "pk": 1547, "fields": {"name": "T\u00d3P ESP ENG AEROESPACIAL  ", "course": 51}}, {"model": "api.subject", "pk": 1548, "fields": {"name": "T\u00d3P ESP ENGENHARIA AUTOMOTIVA ", "course": 51}}, {"model": "api.subject", "pk": 1549, "fields": {"name": "T\u00d3PICOS AV ELETROMAGN APLICADO", "course": 51}}, {"model": "api.subject", "pk": 1550, "fields": {"name": "T\u00d3PICOS ESP EM MICROELETR\u00d4NICA", "course": 51}}, {"model": "api.subject", "pk": 1551, "fields": {"name": "T\u00d3PICOS ESPECIAIS ELETRONICA  ", "course": 51}}, {"model": "api.subject", "pk": 1552, "fields": {"name": "T\u00d3PICOS INSTRUMENT BIOM\u00c9DICA  ", "course": 51}}, {"model": "api.subject", "pk": 1553, "fields": {"name": "T\u00d3PICOS SI COMP ALT DESEMPENHO", "course": 51}}, {"model": "api.subject", "pk": 1554, "fields": {"name": "TRANSFERENCIA DE CALOR", "course": 51}}, {"model": "api.subject", "pk": 1555, "fields": {"name": "TRANSMISS\u00c3O E DIS EN EL\u00c9TRICA ", "course": 51}}, {"model": "api.subject", "pk": 1556, "fields": {"name": "AERODIN\u00c2M SIST AEROESPACIAIS  ", "course": 52}}, {"model": "api.subject", "pk": 1557, "fields": {"name": "C\u00c1LCULO 1", "course": 52}}, {"model": "api.subject", "pk": 1558, "fields": {"name": "C\u00c1LCULO 2", "course": 52}}, {"model": "api.subject", "pk": 1559, "fields": {"name": "C\u00c1LCULO 3", "course": 52}}, {"model": "api.subject", "pk": 1560, "fields": {"name": "CI\u00caNCIAS AEROESPACIAIS", "course": 52}}, {"model": "api.subject", "pk": 1561, "fields": {"name": "DES IND ASSISTIDO COMPUTADOR  ", "course": 52}}, {"model": "api.subject", "pk": 1562, "fields": {"name": "DIN GASES SIST  AEROESPACIAIS ", "course": 52}}, {"model": "api.subject", "pk": 1563, "fields": {"name": "DIN\u00c2MICA DOS FLU\u00cdDOS", "course": 52}}, {"model": "api.subject", "pk": 1564, "fields": {"name": "DINESTAER", "course": 52}}, {"model": "api.subject", "pk": 1565, "fields": {"name": "ENG DE SEGURAN\u00c7A DO TRABALHO  ", "course": 52}}, {"model": "api.subject", "pk": 1566, "fields": {"name": "ENGENHARIA E AMBIENTE ", "course": 52}}, {"model": "api.subject", "pk": 1567, "fields": {"name": "FISICA 1 ", "course": 52}}, {"model": "api.subject", "pk": 1568, "fields": {"name": "FISICA 1 EXPERIMENTAL ", "course": 52}}, {"model": "api.subject", "pk": 1569, "fields": {"name": "FUND DA TEORIA ELETROMAGN\u00c9TICA", "course": 52}}, {"model": "api.subject", "pk": 1570, "fields": {"name": "GEST\u00c3O DA PROD E QUALIDADE", "course": 52}}, {"model": "api.subject", "pk": 1571, "fields": {"name": "HUMANIDADES E CIDADANIA   ", "course": 52}}, {"model": "api.subject", "pk": 1572, "fields": {"name": "INTRODUCAO A ALGEBRA LINEAR   ", "course": 52}}, {"model": "api.subject", "pk": 1573, "fields": {"name": "INTRODU\u00c7\u00c3O \u00c0 ENGENHARIA   ", "course": 52}}, {"model": "api.subject", "pk": 1574, "fields": {"name": "MEC\u00c2NICA DO V\u00d4O ", "course": 52}}, {"model": "api.subject", "pk": 1575, "fields": {"name": "MEC\u00c2NICA DO V\u00d4O ESPACIAL  ", "course": 52}}, {"model": "api.subject", "pk": 1576, "fields": {"name": "MEC\u00c2NICA ESTRUT AEROESPACIAIS ", "course": 52}}, {"model": "api.subject", "pk": 1577, "fields": {"name": "MECANICA S\u00d3LID 1 P/ ENGENHARIA", "course": 52}}, {"model": "api.subject", "pk": 1578, "fields": {"name": "MECANICA S\u00d3LID 2 P/ ENGENHARIA", "course": 52}}, {"model": "api.subject", "pk": 1579, "fields": {"name": "PROBABIL EST APL  ENGENHARIA  ", "course": 52}}, {"model": "api.subject", "pk": 1580, "fields": {"name": "QUI GERAL EXPERIMENTAL", "course": 52}}, {"model": "api.subject", "pk": 1581, "fields": {"name": "QUIMICA GERAL TEORICA ", "course": 52}}, {"model": "api.subject", "pk": 1582, "fields": {"name": "SISTEMAS AEROESPACIAIS", "course": 52}}, {"model": "api.subject", "pk": 1583, "fields": {"name": "SISTEMAS DE CONTROLE", "course": 52}}, {"model": "api.subject", "pk": 1584, "fields": {"name": "TCC 1", "course": 52}}, {"model": "api.subject", "pk": 1585, "fields": {"name": "TCC 2", "course": 52}}, {"model": "api.subject", "pk": 1586, "fields": {"name": "TERMODINAMICA 1 ", "course": 52}}, {"model": "api.subject", "pk": 1587, "fields": {"name": "TRANSFERENCIA DE CALOR", "course": 52}}, {"model": "api.subject", "pk": 1588, "fields": {"name": "MAT DE CONSTR DE ENGENHARIA   ", "course": 52}}, {"model": "api.subject", "pk": 1589, "fields": {"name": "TEORIA DE MATERIAIS CONSTRU\u00c7\u00c3O", "course": 52}}, {"model": "api.subject", "pk": 1590, "fields": {"name": "LABORAT\u00d3RIO DE MAT CONSTRU\u00c7\u00c3O ", "course": 52}}, {"model": "api.subject", "pk": 1591, "fields": {"name": "ELETRICIDADE APLICADA ", "course": 52}}, {"model": "api.subject", "pk": 1592, "fields": {"name": "TEOR DE ELETRICIDADE APLICADA ", "course": 52}}, {"model": "api.subject", "pk": 1593, "fields": {"name": "LAB DE ELETRICIDADE APLICADA  ", "course": 52}}, {"model": "api.subject", "pk": 1594, "fields": {"name": "INTRODUCAO A CIEN COMPUTACAO  ", "course": 52}}, {"model": "api.subject", "pk": 1595, "fields": {"name": "COMPUTACAO BASICA   ", "course": 52}}, {"model": "api.subject", "pk": 1596, "fields": {"name": "ALGORITMOS PROGR COMPUTADORES ", "course": 52}}, {"model": "api.subject", "pk": 1597, "fields": {"name": "M\u00c9TODOS MATEM\u00c1TICOS ENGENHARIA", "course": 52}}, {"model": "api.subject", "pk": 1598, "fields": {"name": "SINAIS E S\u00cdST PARA ENGENHAIA  ", "course": 52}}, {"model": "api.subject", "pk": 1599, "fields": {"name": "COMPILADORES 1  ", "course": 52}}, {"model": "api.subject", "pk": 1600, "fields": {"name": "CONFIABILIDADE DE COM SISTEMAS", "course": 52}}, {"model": "api.subject", "pk": 1601, "fields": {"name": "CONTRATA\u00c7\u00c3O S DE T INFORMA\u00c7\u00c3O ", "course": 52}}, {"model": "api.subject", "pk": 1602, "fields": {"name": "CONTROLE SISTEM AEROESPACIAIS ", "course": 52}}, {"model": "api.subject", "pk": 1603, "fields": {"name": "DESENV AVAN DE SOFTWARE   ", "course": 52}}, {"model": "api.subject", "pk": 1604, "fields": {"name": "ELEMENTOS E M\u00c9T EM ELETR\u00d4NICA ", "course": 52}}, {"model": "api.subject", "pk": 1605, "fields": {"name": "ENG DE SISTEMAS AEROESPACIAIS ", "course": 52}}, {"model": "api.subject", "pk": 1606, "fields": {"name": "ERGONOMIA DO PRODUTO", "course": 52}}, {"model": "api.subject", "pk": 1607, "fields": {"name": "ESTRUT DE DADOS 1   ", "course": 52}}, {"model": "api.subject", "pk": 1608, "fields": {"name": "ESTRUTURAS DE DADOS 2 ", "course": 52}}, {"model": "api.subject", "pk": 1609, "fields": {"name": "ESTRUTURAS MAT P/ COMPUTA\u00c7\u00c3O  ", "course": 52}}, {"model": "api.subject", "pk": 1610, "fields": {"name": "F\u00cdSICA MODERNA  ", "course": 52}}, {"model": "api.subject", "pk": 1611, "fields": {"name": "FUND ARQ DE COMPUTADORES  ", "course": 52}}, {"model": "api.subject", "pk": 1612, "fields": {"name": "FUNDAMENTOS DE ARQ DE SOFTWARE", "course": 52}}, {"model": "api.subject", "pk": 1613, "fields": {"name": "GEST\u00c3O AMBIENTAL NO SETOR ENER", "course": 52}}, {"model": "api.subject", "pk": 1614, "fields": {"name": "INTR A ATIVIDADE EMPRESARIAL  ", "course": 52}}, {"model": "api.subject", "pk": 1615, "fields": {"name": "MATERIAIS COMPOSTOS PL\u00c1STICOS ", "course": 52}}, {"model": "api.subject", "pk": 1616, "fields": {"name": "MET DE DESENV DE SOFTWARE ", "course": 52}}, {"model": "api.subject", "pk": 1617, "fields": {"name": "MET TEC DA ESCRITA CIENT\u00cdFICA ", "course": 52}}, {"model": "api.subject", "pk": 1618, "fields": {"name": "M\u00c9TODOS NUM\u00c9R P/ ENGENHARIA   ", "course": 52}}, {"model": "api.subject", "pk": 1619, "fields": {"name": "ORIENTA\u00c7\u00c3O A OBJETOS", "course": 52}}, {"model": "api.subject", "pk": 1620, "fields": {"name": "PR\u00c9-C\u00c1LCULO PARA ENGENHARIA   ", "course": 52}}, {"model": "api.subject", "pk": 1621, "fields": {"name": "PRINC\u00cdP ROB\u00d3TICA EDUCACIONAL  ", "course": 52}}, {"model": "api.subject", "pk": 1622, "fields": {"name": "PRINCIPIOS DE COMUNICA\u00c7\u00c3O ", "course": 52}}, {"model": "api.subject", "pk": 1623, "fields": {"name": "PROCESSO DE DESENV DE SOFTWARE", "course": 52}}, {"model": "api.subject", "pk": 1624, "fields": {"name": "PROCESSOS DE FABRICA\u00c7\u00c3O   ", "course": 52}}, {"model": "api.subject", "pk": 1625, "fields": {"name": "PROGRAMA\u00c7\u00c3O PARA COMPETI\u00c7\u00d5ES  ", "course": 52}}, {"model": "api.subject", "pk": 1626, "fields": {"name": "PROJ DE SISTEMAS AEROESPACIAIS", "course": 52}}, {"model": "api.subject", "pk": 1627, "fields": {"name": "PROJETO DE SIST D OBS DA TERRA", "course": 52}}, {"model": "api.subject", "pk": 1628, "fields": {"name": "PROPULS\u00c3O AEROESPACIAL", "course": 52}}, {"model": "api.subject", "pk": 1629, "fields": {"name": "PROPULS\u00c3O AERON\u00c1UTICA ", "course": 52}}, {"model": "api.subject", "pk": 1630, "fields": {"name": "PROPULS\u00c3O EL\u00c9TRICA  ", "course": 52}}, {"model": "api.subject", "pk": 1631, "fields": {"name": "PROPULS\u00c3O QU\u00cdMICA   ", "course": 52}}, {"model": "api.subject", "pk": 1632, "fields": {"name": "SEMIN\u00c1RIOS EM ENG DE SOFTWARE ", "course": 52}}, {"model": "api.subject", "pk": 1633, "fields": {"name": "SISTEMAS AUTOMOTIVOS", "course": 52}}, {"model": "api.subject", "pk": 1634, "fields": {"name": "SISTEMAS DE BANCO DE DADOS 1  ", "course": 52}}, {"model": "api.subject", "pk": 1635, "fields": {"name": "SISTEMAS DE PROPULS\u00c3O H\u00cdBRIDOS", "course": 52}}, {"model": "api.subject", "pk": 1636, "fields": {"name": "SISTEMAS DIGITAIS 1 ", "course": 52}}, {"model": "api.subject", "pk": 1637, "fields": {"name": "T\u00c9CNICAS DE M F E E SOFTWARE  ", "course": 52}}, {"model": "api.subject", "pk": 1638, "fields": {"name": "TECNOLOGIAS DE FABRICA\u00c7\u00c3O 1   ", "course": 52}}, {"model": "api.subject", "pk": 1639, "fields": {"name": "TECNOLOGIAS DE FABRICA\u00c7\u00c3O 2   ", "course": 52}}, {"model": "api.subject", "pk": 1640, "fields": {"name": "TOP ESP 2 EM ENG. AEROESPACIAL", "course": 52}}, {"model": "api.subject", "pk": 1641, "fields": {"name": "TOP ESP 3 EM ENG. AEROESPACIAL", "course": 52}}, {"model": "api.subject", "pk": 1642, "fields": {"name": "TOP ESP DE ENG DE SOFTWARE", "course": 52}}, {"model": "api.subject", "pk": 1643, "fields": {"name": "TOP ESP EM FIS APLICADA   ", "course": 52}}, {"model": "api.subject", "pk": 1644, "fields": {"name": "T\u00d3P ESP EM GOVERN DE TI   ", "course": 52}}, {"model": "api.subject", "pk": 1645, "fields": {"name": "TOP ESP EM JOGOS DIGITAIS ", "course": 52}}, {"model": "api.subject", "pk": 1646, "fields": {"name": "TOP ESP EM MATEM\u00c1TICA APLICADA", "course": 52}}, {"model": "api.subject", "pk": 1647, "fields": {"name": "TOP ESP EM SISTEMAS CR\u00cdTICOS  ", "course": 52}}, {"model": "api.subject", "pk": 1648, "fields": {"name": "T\u00d3P ESP ENG AEROESPACIAL  ", "course": 52}}, {"model": "api.subject", "pk": 1649, "fields": {"name": "T\u00d3P ESPECIAIS EM PROGRAMA\u00c7\u00c3O  ", "course": 52}}, {"model": "api.subject", "pk": 1650, "fields": {"name": "C\u00c1LCULO 1", "course": 53}}, {"model": "api.subject", "pk": 1651, "fields": {"name": "C\u00c1LCULO 2", "course": 53}}, {"model": "api.subject", "pk": 1652, "fields": {"name": "C\u00c1LCULO 3", "course": 53}}, {"model": "api.subject", "pk": 1653, "fields": {"name": "DES IND ASSISTIDO COMPUTADOR  ", "course": 53}}, {"model": "api.subject", "pk": 1654, "fields": {"name": "DIN\u00c2MICA DOS FLU\u00cdDOS", "course": 53}}, {"model": "api.subject", "pk": 1655, "fields": {"name": "ENG DE SEGURAN\u00c7A DO TRABALHO  ", "course": 53}}, {"model": "api.subject", "pk": 1656, "fields": {"name": "ENGENHARIA E AMBIENTE ", "course": 53}}, {"model": "api.subject", "pk": 1657, "fields": {"name": "FISICA 1 ", "course": 53}}, {"model": "api.subject", "pk": 1658, "fields": {"name": "FISICA 1 EXPERIMENTAL ", "course": 53}}, {"model": "api.subject", "pk": 1659, "fields": {"name": "F\u00cdSICA MODERNA  ", "course": 53}}, {"model": "api.subject", "pk": 1660, "fields": {"name": "FUND DA TEORIA ELETROMAGN\u00c9TICA", "course": 53}}, {"model": "api.subject", "pk": 1661, "fields": {"name": "GEST\u00c3O AMBIENTAL NO SETOR ENER", "course": 53}}, {"model": "api.subject", "pk": 1662, "fields": {"name": "GEST\u00c3O DA PROD E QUALIDADE", "course": 53}}, {"model": "api.subject", "pk": 1663, "fields": {"name": "HUMANIDADES E CIDADANIA   ", "course": 53}}, {"model": "api.subject", "pk": 1664, "fields": {"name": "INTRODUCAO A ALGEBRA LINEAR   ", "course": 53}}, {"model": "api.subject", "pk": 1665, "fields": {"name": "INTRODU\u00c7\u00c3O \u00c0 ENGENHARIA   ", "course": 53}}, {"model": "api.subject", "pk": 1666, "fields": {"name": "MECANICA S\u00d3LID 1 P/ ENGENHARIA", "course": 53}}, {"model": "api.subject", "pk": 1667, "fields": {"name": "M\u00c9TODOS NUM\u00c9R P/ ENGENHARIA   ", "course": 53}}, {"model": "api.subject", "pk": 1668, "fields": {"name": "PROBABIL EST APL  ENGENHARIA  ", "course": 53}}, {"model": "api.subject", "pk": 1669, "fields": {"name": "TCC 1", "course": 53}}, {"model": "api.subject", "pk": 1670, "fields": {"name": "TCC 2", "course": 53}}, {"model": "api.subject", "pk": 1671, "fields": {"name": "TERMODINAMICA 1 ", "course": 53}}, {"model": "api.subject", "pk": 1672, "fields": {"name": "TRANSFERENCIA DE CALOR", "course": 53}}, {"model": "api.subject", "pk": 1673, "fields": {"name": "QUIMICA GERAL   ", "course": 53}}, {"model": "api.subject", "pk": 1674, "fields": {"name": "QUIMICA GERAL TEORICA ", "course": 53}}, {"model": "api.subject", "pk": 1675, "fields": {"name": "QUI GERAL EXPERIMENTAL", "course": 53}}, {"model": "api.subject", "pk": 1676, "fields": {"name": "INTRODUCAO A CIEN COMPUTACAO  ", "course": 53}}, {"model": "api.subject", "pk": 1677, "fields": {"name": "COMPUTACAO BASICA   ", "course": 53}}, {"model": "api.subject", "pk": 1678, "fields": {"name": "ALGORITMOS PROGR COMPUTADORES ", "course": 53}}, {"model": "api.subject", "pk": 1679, "fields": {"name": "MAT DE CONSTR DE ENGENHARIA   ", "course": 53}}, {"model": "api.subject", "pk": 1680, "fields": {"name": "TEORIA DE MATERIAIS CONSTRU\u00c7\u00c3O", "course": 53}}, {"model": "api.subject", "pk": 1681, "fields": {"name": "LABORAT\u00d3RIO DE MAT CONSTRU\u00c7\u00c3O ", "course": 53}}, {"model": "api.subject", "pk": 1682, "fields": {"name": "CONVERS\u00c3O ELETROMEC ENERGIA   ", "course": 53}}, {"model": "api.subject", "pk": 1683, "fields": {"name": "TEO SIST CONVERS\u00c3O DE ENERGIA ", "course": 53}}, {"model": "api.subject", "pk": 1684, "fields": {"name": "LAB SIST CONVERS\u00c3O DE ENERGIA ", "course": 53}}, {"model": "api.subject", "pk": 1685, "fields": {"name": "M\u00c1QUINAS DE FLUIDO  ", "course": 53}}, {"model": "api.subject", "pk": 1686, "fields": {"name": "M\u00c1QUINAS DE FLUXO   ", "course": 53}}, {"model": "api.subject", "pk": 1687, "fields": {"name": "MAQUINAS TERMICAS   ", "course": 53}}, {"model": "api.subject", "pk": 1688, "fields": {"name": "ELETRICIDADE APLICADA ", "course": 53}}, {"model": "api.subject", "pk": 1689, "fields": {"name": "TEOR DE ELETRICIDADE APLICADA ", "course": 53}}, {"model": "api.subject", "pk": 1690, "fields": {"name": "LAB DE ELETRICIDADE APLICADA  ", "course": 53}}, {"model": "api.subject", "pk": 1691, "fields": {"name": "AERODIN\u00c2M SIST AEROESPACIAIS  ", "course": 53}}, {"model": "api.subject", "pk": 1692, "fields": {"name": "AN DE SIS DE ENERGIA EL\u00c9TRICA ", "course": 53}}, {"model": "api.subject", "pk": 1693, "fields": {"name": "AN\u00c1LISE INSTRUMEN COMBUST\u00cdVEIS", "course": 53}}, {"model": "api.subject", "pk": 1694, "fields": {"name": "ARQ DE MOTORES COMB INTERNA   ", "course": 53}}, {"model": "api.subject", "pk": 1695, "fields": {"name": "BIORREFINARIAS  ", "course": 53}}, {"model": "api.subject", "pk": 1696, "fields": {"name": "CENTRAIS GERA\u00c7\u00c3O TERMOEL\u00c9TRICA", "course": 53}}, {"model": "api.subject", "pk": 1697, "fields": {"name": "CIRCUITOS ELETR\u00d4NICOS 2   ", "course": 53}}, {"model": "api.subject", "pk": 1698, "fields": {"name": "DESENVOLVIMENTO SUSTENT\u00c1VEL   ", "course": 53}}, {"model": "api.subject", "pk": 1699, "fields": {"name": "ECONOMIA DE ENERGIA ", "course": 53}}, {"model": "api.subject", "pk": 1700, "fields": {"name": "ELEMENTOS E M\u00c9T EM ELETR\u00d4NICA ", "course": 53}}, {"model": "api.subject", "pk": 1701, "fields": {"name": "ENGENHARIA DE PETR\u00d3LEO E G\u00c1S  ", "course": 53}}, {"model": "api.subject", "pk": 1702, "fields": {"name": "ERGONOMIA DO PRODUTO", "course": 53}}, {"model": "api.subject", "pk": 1703, "fields": {"name": "ESTRUT DE DADOS 1   ", "course": 53}}, {"model": "api.subject", "pk": 1704, "fields": {"name": "ESTRUTURAS DE DADOS 2 ", "course": 53}}, {"model": "api.subject", "pk": 1705, "fields": {"name": "FONTES ENERG E TECN  CONVERS\u00c3O", "course": 53}}, {"model": "api.subject", "pk": 1706, "fields": {"name": "FUNDAMENTOS DE ENERGIA NUCLEAR", "course": 53}}, {"model": "api.subject", "pk": 1707, "fields": {"name": "FUNDAMENTOS E DIFER ENGENHARIA", "course": 53}}, {"model": "api.subject", "pk": 1708, "fields": {"name": "INOVA\u00c7\u00c3O ", "course": 53}}, {"model": "api.subject", "pk": 1709, "fields": {"name": "INSTRUMENTA\u00c7\u00c3O ELETR\u00d4NICA ", "course": 53}}, {"model": "api.subject", "pk": 1710, "fields": {"name": "INSTRUMENTA\u00c7\u00c3O SIST CONTROLE  ", "course": 53}}, {"model": "api.subject", "pk": 1711, "fields": {"name": "INTEGRA\u00c7\u00c3O E TESTES ", "course": 53}}, {"model": "api.subject", "pk": 1712, "fields": {"name": "INTERA\u00c7\u00c3O HUMANO COMPUTADOR   ", "course": 53}}, {"model": "api.subject", "pk": 1713, "fields": {"name": "INTR A ATIVIDADE EMPRESARIAL  ", "course": 53}}, {"model": "api.subject", "pk": 1714, "fields": {"name": "MET DE DESENV DE SOFTWARE ", "course": 53}}, {"model": "api.subject", "pk": 1715, "fields": {"name": "MET TEC DA ESCRITA CIENT\u00cdFICA ", "course": 53}}, {"model": "api.subject", "pk": 1716, "fields": {"name": "M\u00c9TODOS MATEM\u00c1TICOS ENGENHARIA", "course": 53}}, {"model": "api.subject", "pk": 1717, "fields": {"name": "MODELAGEM E S DE S ENERG\u00c9TICOS", "course": 53}}, {"model": "api.subject", "pk": 1718, "fields": {"name": "PLAN E GEST\u00c3O DE ENERGIA  ", "course": 53}}, {"model": "api.subject", "pk": 1719, "fields": {"name": "PR\u00c9-C\u00c1LCULO PARA ENGENHARIA   ", "course": 53}}, {"model": "api.subject", "pk": 1720, "fields": {"name": "PRINCIPIOS DE COMUNICA\u00c7\u00c3O ", "course": 53}}, {"model": "api.subject", "pk": 1721, "fields": {"name": "PROCESSAMENTO DE SINAIS   ", "course": 53}}, {"model": "api.subject", "pk": 1722, "fields": {"name": "PROCESSOS DE FABRICA\u00c7\u00c3O   ", "course": 53}}, {"model": "api.subject", "pk": 1723, "fields": {"name": "QU\u00cdMICA ORG\u00c2N APL \u00c0 ENGENHARIA", "course": 53}}, {"model": "api.subject", "pk": 1724, "fields": {"name": "REQUISITOS DE SOFTWARE", "course": 53}}, {"model": "api.subject", "pk": 1725, "fields": {"name": "SEMIN\u00c1RIOS EM ENG DE SOFTWARE ", "course": 53}}, {"model": "api.subject", "pk": 1726, "fields": {"name": "SISTEM INF GEOG P/ ENGENHARIA ", "course": 53}}, {"model": "api.subject", "pk": 1727, "fields": {"name": "SISTEMAS AEROESPACIAIS", "course": 53}}, {"model": "api.subject", "pk": 1728, "fields": {"name": "SISTEMAS AUTOMOTIVOS", "course": 53}}, {"model": "api.subject", "pk": 1729, "fields": {"name": "SISTEMAS DE BANCO DE DADOS 1  ", "course": 53}}, {"model": "api.subject", "pk": 1730, "fields": {"name": "SISTEMAS DE CONTROLE", "course": 53}}, {"model": "api.subject", "pk": 1731, "fields": {"name": "SISTEMAS DE PROPULS\u00c3O H\u00cdBRIDOS", "course": 53}}, {"model": "api.subject", "pk": 1732, "fields": {"name": "SISTEMAS DIGITAIS 1 ", "course": 53}}, {"model": "api.subject", "pk": 1733, "fields": {"name": "SISTEMAS ENERGIA SOLAR E\u00d3LICA ", "course": 53}}, {"model": "api.subject", "pk": 1734, "fields": {"name": "SISTEMAS HIDROEL\u00c9TRICOS   ", "course": 53}}, {"model": "api.subject", "pk": 1735, "fields": {"name": "T\u00c9CNICAS DE PROGRAMA\u00c7\u00c3O   ", "course": 53}}, {"model": "api.subject", "pk": 1736, "fields": {"name": "TEORIA DE CIRC ELETR\u00d4NICOS 1  ", "course": 53}}, {"model": "api.subject", "pk": 1737, "fields": {"name": "TESTES DE SOFTWARE  ", "course": 53}}, {"model": "api.subject", "pk": 1738, "fields": {"name": "TOP ESP 1 ENGENHARIA ENERGIA  ", "course": 53}}, {"model": "api.subject", "pk": 1739, "fields": {"name": "TOP ESP DE ENG DE SOFTWARE", "course": 53}}, {"model": "api.subject", "pk": 1740, "fields": {"name": "TOP ESP EM FIS APLICADA   ", "course": 53}}, {"model": "api.subject", "pk": 1741, "fields": {"name": "TOP ESP EM JOGOS DIGITAIS ", "course": 53}}, {"model": "api.subject", "pk": 1742, "fields": {"name": "TOP ESP EM MATEM\u00c1TICA APLICADA", "course": 53}}, {"model": "api.subject", "pk": 1743, "fields": {"name": "TOP ESP EM SISTEMAS CR\u00cdTICOS  ", "course": 53}}, {"model": "api.subject", "pk": 1744, "fields": {"name": "T\u00d3P ESP ENG AEROESPACIAL  ", "course": 53}}, {"model": "api.subject", "pk": 1745, "fields": {"name": "T\u00d3P ESP ENGENHARIA AUTOMOTIVA ", "course": 53}}, {"model": "api.subject", "pk": 1746, "fields": {"name": "T\u00d3PICOS ESPECIAIS ELETRONICA  ", "course": 53}}, {"model": "api.subject", "pk": 1747, "fields": {"name": "TRANSMISS\u00c3O E DIS EN EL\u00c9TRICA ", "course": 53}}, {"model": "api.tag", "pk": 32, "fields": {"description": "boladao", "_quantity": 0}}, {"model": "api.tag", "pk": 33, "fields": {"description": "antietico", "_quantity": 0}}, {"model": "api.tag", "pk": 34, "fields": {"description": "cortella", "_quantity": 0}}, {"model": "api.tag", "pk": 35, "fields": {"description": "avestruz", "_quantity": 0}}, {"model": "api.tag", "pk": 36, "fields": {"description": "changemymind", "_quantity": 0}}, {"model": "api.tag", "pk": 37, "fields": {"description": "tanadisney", "_quantity": 0}}, {"model": "auth.permission", "pk": 367, "fields": {"name": "Can add log entry", "content_type": 123, "codename": "add_logentry"}}, {"model": "auth.permission", "pk": 368, "fields": {"name": "Can change log entry", "content_type": 123, "codename": "change_logentry"}}, {"model": "auth.permission", "pk": 369, "fields": {"name": "Can delete log entry", "content_type": 123, "codename": "delete_logentry"}}, {"model": "auth.permission", "pk": 370, "fields": {"name": "Can add permission", "content_type": 124, "codename": "add_permission"}}, {"model": "auth.permission", "pk": 371, "fields": {"name": "Can change permission", "content_type": 124, "codename": "change_permission"}}, {"model": "auth.permission", "pk": 372, "fields": {"name": "Can delete permission", "content_type": 124, "codename": "delete_permission"}}, {"model": "auth.permission", "pk": 373, "fields": {"name": "Can add group", "content_type": 125, "codename": "add_group"}}, {"model": "auth.permission", "pk": 374, "fields": {"name": "Can change group", "content_type": 125, "codename": "change_group"}}, {"model": "auth.permission", "pk": 375, "fields": {"name": "Can delete group", "content_type": 125, "codename": "delete_group"}}, {"model": "auth.permission", "pk": 376, "fields": {"name": "Can add content type", "content_type": 126, "codename": "add_contenttype"}}, {"model": "auth.permission", "pk": 377, "fields": {"name": "Can change content type", "content_type": 126, "codename": "change_contenttype"}}, {"model": "auth.permission", "pk": 378, "fields": {"name": "Can delete content type", "content_type": 126, "codename": "delete_contenttype"}}, {"model": "auth.permission", "pk": 379, "fields": {"name": "Can add session", "content_type": 127, "codename": "add_session"}}, {"model": "auth.permission", "pk": 380, "fields": {"name": "Can change session", "content_type": 127, "codename": "change_session"}}, {"model": "auth.permission", "pk": 381, "fields": {"name": "Can delete session", "content_type": 127, "codename": "delete_session"}}, {"model": "auth.permission", "pk": 382, "fields": {"name": "Can add campus", "content_type": 128, "codename": "add_campus"}}, {"model": "auth.permission", "pk": 383, "fields": {"name": "Can change campus", "content_type": 128, "codename": "change_campus"}}, {"model": "auth.permission", "pk": 384, "fields": {"name": "Can delete campus", "content_type": 128, "codename": "delete_campus"}}, {"model": "auth.permission", "pk": 385, "fields": {"name": "Can add course", "content_type": 129, "codename": "add_course"}}, {"model": "auth.permission", "pk": 386, "fields": {"name": "Can change course", "content_type": 129, "codename": "change_course"}}, {"model": "auth.permission", "pk": 387, "fields": {"name": "Can delete course", "content_type": 129, "codename": "delete_course"}}, {"model": "auth.permission", "pk": 388, "fields": {"name": "Can add subject", "content_type": 130, "codename": "add_subject"}}, {"model": "auth.permission", "pk": 389, "fields": {"name": "Can change subject", "content_type": 130, "codename": "change_subject"}}, {"model": "auth.permission", "pk": 390, "fields": {"name": "Can delete subject", "content_type": 130, "codename": "delete_subject"}}, {"model": "auth.permission", "pk": 391, "fields": {"name": "Can add user", "content_type": 131, "codename": "add_student"}}, {"model": "auth.permission", "pk": 392, "fields": {"name": "Can change user", "content_type": 131, "codename": "change_student"}}, {"model": "auth.permission", "pk": 393, "fields": {"name": "Can delete user", "content_type": 131, "codename": "delete_student"}}, {"model": "auth.permission", "pk": 394, "fields": {"name": "Can add tag", "content_type": 132, "codename": "add_tag"}}, {"model": "auth.permission", "pk": 395, "fields": {"name": "Can change tag", "content_type": 132, "codename": "change_tag"}}, {"model": "auth.permission", "pk": 396, "fields": {"name": "Can delete tag", "content_type": 132, "codename": "delete_tag"}}, {"model": "auth.permission", "pk": 397, "fields": {"name": "Can add post", "content_type": 133, "codename": "add_post"}}, {"model": "auth.permission", "pk": 398, "fields": {"name": "Can change post", "content_type": 133, "codename": "change_post"}}, {"model": "auth.permission", "pk": 399, "fields": {"name": "Can delete post", "content_type": 133, "codename": "delete_post"}}, {"model": "api.student", "pk": 49, "fields": {"password": "", "last_login": null, "is_superuser": false, "first_name": "", "last_name": "", "is_staff": false, "is_active": true, "date_joined": "2018-05-21T01:11:28.060Z", "username": "student_ENGENHARIA", "email": "student_ENGENHARIA@b.com", "course": 49, "groups": [], "user_permissions": []}}, {"model": "api.student", "pk": 50, "fields": {"password": "", "last_login": null, "is_superuser": false, "first_name": "", "last_name": "", "is_staff": false, "is_active": true, "date_joined": "2018-05-21T01:11:28.226Z", "username": "student_SOFTWARE", "email": "student_SOFTWARE@b.com", "course": 50, "groups": [], "user_permissions": []}}, {"model": "api.student", "pk": 51, "fields": {"password": "", "last_login": null, "is_superuser": false, "first_name": "", "last_name": "", "is_staff": false, "is_active": true, "date_joined": "2018-05-21T01:11:28.427Z", "username": "student_ELETRONICA", "email": "student_ELETRONICA@b.com", "course": 51, "groups": [], "user_permissions": []}}, {"model": "api.student", "pk": 52, "fields": {"password": "", "last_login": null, "is_superuser": false, "first_name": "", "last_name": "", "is_staff": false, "is_active": true, "date_joined": "2018-05-21T01:11:28.616Z", "username": "student_AEROESPACIAL", "email": "student_AEROESPACIAL@b.com", "course": 52, "groups": [], "user_permissions": []}}, {"model": "api.student", "pk": 53, "fields": {"password": "", "last_login": null, "is_superuser": false, "first_name": "", "last_name": "", "is_staff": false, "is_active": true, "date_joined": "2018-05-21T01:11:28.805Z", "username": "student_ENERGIA", "email": "student_ENERGIA@b.com", "course": 53, "groups": [], "user_permissions": []}}, {"model": "api.post", "pk": 46, "fields": {"content": "Trueborn son of Lannister.", "author": 49, "subject": 1269, "emotion": "('b', 'Bad')", "tag": [32, 33, 34, 35, 36, 37]}}, {"model": "api.post", "pk": 47, "fields": {"content": "Tell my lord father", "author": 50, "subject": 1270, "emotion": "('g', 'Good')", "tag": [33, 34, 35, 36, 37]}}, {"model": "api.post", "pk": 48, "fields": {"content": "Jon said.", "author": 51, "subject": 1271, "emotion": "('b', 'Bad')", "tag": [34, 35, 36, 37]}}, {"model": "api.post", "pk": 49, "fields": {"content": "He favored Jon with a rueful grin.", "author": 52, "subject": 1272, "emotion": "('g', 'Good')", "tag": [35, 36, 37]}}, {"model": "api.post", "pk": 50, "fields": {"content": "All dwarfs may be bastards", "author": 53, "subject": 1273, "emotion": "('b', 'Bad')", "tag": [36, 37]}}, {"model": "api.post", "pk": 51, "fields": {"content": "Whistling a tune.", "author": 49, "subject": 1274, "emotion": "('g', 'Good')", "tag": [37]}}, {"model": "api.post", "pk": 52, "fields": {"content": "Just a moment", "author": 50, "subject": 1275, "emotion": "('b', 'Bad')", "tag": []}}, {"model": "api.post", "pk": 53, "fields": {"content": "Tyrion Lannister stood tall as a king.", "author": 51, "subject": 1276, "emotion": "('g', 'Good')", "tag": []}}, {"model": "api.post", "pk": 54, "fields": {"content": "\u2015 George R.R. Martin", "author": 52, "subject": 1277, "emotion": "('b', 'Bad')", "tag": []}}]